date,ticker,action,shares,exec_price,gross,commission,cash_after,reason,mcap_billions,global_rank
2015-01-02,JNJ,buy,259,76.9752,19936.59,19.94,80043.48,initial_entry,289.2,6.0
2015-01-02,WMT,buy,859,23.2388,19962.11,19.96,60061.4,initial_entry,275.0,7.0
2015-01-02,PG,buy,303,65.8786,19961.22,19.96,40080.22,initial_entry,246.0,8.0
2015-01-02,JPM,buy,433,46.0678,19947.35,19.95,20112.92,initial_entry,230.0,9.0
2015-01-02,META,buy,256,78.0071,19969.83,19.97,123.12,initial_entry,212.3,10.0
2015-08-03,PG,sell,303,56.7349,17190.67,17.19,17296.6,swap_for_AMZN,208.7,
2015-08-03,AMZN,buy,638,26.8859,17153.23,17.15,126.22,swap_from_PG,251.3,
2015-12-09,WMT,sell,859,16.3905,14079.42,14.08,14191.56,swap_for_XOM,190.9,
2015-12-09,XOM,buy,294,47.6753,14016.53,14.02,161.02,swap_from_WMT,310.7,
2015-12-09,AMZN,sell,638,33.8831,21617.39,21.62,21756.79,swap_for_PG,317.5,
2015-12-09,PG,buy,371,58.1184,21561.93,21.56,173.29,swap_from_AMZN,211.5,
2016-01-19,XOM,sell,294,49.5941,14580.66,14.58,14739.37,swap_for_AMZN,323.0,
2016-01-19,AMZN,buy,504,28.8689,14549.94,14.55,174.88,swap_from_XOM,267.3,
2016-02-03,JPM,sell,433,43.6244,18889.37,18.89,19045.36,swap_for_BRK-B,209.9,
2016-02-03,BRK-B,buy,149,126.4032,18834.07,18.83,192.45,swap_from_JPM,309.9,
2016-02-03,META,sell,256,114.3153,29264.71,29.26,29427.9,swap_for_WMT,310.2,
2016-02-03,WMT,buy,1567,18.6356,29202.03,29.2,196.67,swap_from_META,214.1,
2016-02-05,WMT,sell,1567,18.4925,28977.82,28.98,29145.5,swap_for_META,212.7,
2016-02-05,META,buy,266,108.7116,28917.29,28.92,199.29,swap_from_WMT,299.0,
2016-02-05,BRK-B,sell,149,127.2164,18955.24,18.96,19135.58,swap_for_JPM,314.1,
2016-02-05,JPM,buy,424,44.5891,18905.77,18.91,210.9,swap_from_BRK-B,215.0,
2016-07-12,JPM,sell,424,48.659,20631.42,20.63,20821.69,swap_for_BRK-B,227.7,
2016-07-12,BRK-B,buy,142,144.6023,20533.52,20.53,267.63,swap_from_JPM,354.9,
2016-07-12,AMZN,sell,504,37.8241,19063.33,19.06,19311.91,swap_for_WMT,355.7,
2016-07-12,WMT,buy,920,20.667,19013.64,19.01,279.25,swap_from_AMZN,230.8,
2016-07-13,PG,sell,371,65.2932,24223.77,24.22,24478.8,swap_for_AMZN,228.3,
2016-07-13,AMZN,buy,647,37.3567,24169.77,24.17,284.86,swap_from_PG,353.0,
2016-07-13,BRK-B,sell,142,144.8076,20562.67,20.56,20826.97,swap_for_JPM,356.7,
2016-07-13,JPM,buy,420,48.7463,20473.46,20.47,333.04,swap_from_BRK-B,231.1,
2016-08-01,WMT,sell,920,20.4358,18800.97,18.8,19115.22,swap_for_BRK-B,227.4,
2016-08-01,BRK-B,buy,129,144.6923,18665.31,18.67,431.24,swap_from_WMT,355.7,
2016-08-01,AMZN,sell,647,37.9745,24569.5,24.57,24976.18,swap_for_PG,359.7,
2016-08-01,PG,buy,373,65.5867,24463.82,24.46,487.89,swap_from_AMZN,227.8,
2016-08-11,PG,sell,373,66.4873,24799.77,24.8,25262.86,swap_for_XOM,230.3,
2016-08-11,XOM,buy,436,56.6728,24709.34,24.71,528.81,swap_from_PG,358.3,
2016-08-11,BRK-B,sell,129,146.3868,18883.89,18.88,19393.82,swap_for_WMT,361.6,
2016-08-11,WMT,buy,894,21.0744,18840.5,18.84,534.48,swap_from_BRK-B,230.5,
2016-08-15,WMT,sell,894,20.8583,18647.35,18.65,19163.18,swap_for_BRK-B,230.3,
2016-08-15,BRK-B,buy,125,147.7939,18474.23,18.47,670.48,swap_from_WMT,364.1,
2016-08-15,XOM,sell,436,57.746,25177.26,25.18,25822.56,swap_for_PG,364.3,
2016-08-15,PG,buy,374,67.1833,25126.57,25.13,670.86,swap_from_XOM,232.3,
2017-02-17,BRK-B,sell,125,167.4762,20934.53,20.93,21584.45,swap_for_XOM,412.3,
2017-02-17,XOM,buy,382,54.6359,20870.9,20.87,692.68,swap_from_BRK-B,341.3,
2017-05-02,PG,sell,374,68.5119,25623.44,25.62,26290.49,swap_for_BRK-B,222.7,
2017-05-02,BRK-B,buy,154,165.9829,25561.37,25.56,703.56,swap_from_PG,408.0,
2017-05-02,META,sell,266,152.07,40450.61,40.45,41113.72,swap_for_WMT,412.6,
2017-05-02,WMT,buy,1868,21.6109,40369.14,40.37,704.21,swap_from_META,228.1,
2017-06-19,WMT,sell,1868,21.7569,40641.81,40.64,41305.38,swap_for_META,228.1,
2017-06-19,META,buy,269,150.604,40512.48,40.51,752.38,swap_from_WMT,407.7,
2017-06-19,BRK-B,sell,154,171.3043,26380.86,26.38,27106.86,swap_for_PG,420.4,
2017-06-19,PG,buy,374,70.3953,26327.83,26.33,752.7,swap_from_BRK-B,229.3,
2017-06-23,PG,sell,374,69.8775,26134.2,26.13,26860.77,swap_for_BRK-B,227.7,
2017-06-23,BRK-B,buy,154,169.3546,26080.61,26.08,754.08,swap_from_PG,415.1,
2017-06-23,META,sell,269,151.4551,40741.42,40.74,41454.76,swap_for_WMT,415.1,
2017-06-23,WMT,buy,1861,21.8422,40648.31,40.65,765.8,swap_from_META,228.9,
2017-07-11,WMT,sell,1861,21.1796,39415.23,39.42,40141.61,swap_for_META,222.0,
2017-07-11,META,buy,258,152.2519,39280.99,39.28,821.34,swap_from_WMT,415.4,
2017-07-11,BRK-B,sell,154,169.855,26157.67,26.16,26952.86,swap_for_PG,419.8,
2017-07-11,PG,buy,380,68.5333,26042.64,26.04,884.18,swap_from_BRK-B,222.7,
2017-07-12,PG,sell,380,68.4726,26019.59,26.02,26877.75,swap_for_BRK-B,221.9,
2017-07-12,BRK-B,buy,152,169.8749,25820.98,25.82,1030.95,swap_from_PG,417.4,
2017-07-12,META,sell,258,155.1939,40040.02,40.04,41030.93,swap_for_WMT,420.2,
2017-07-12,WMT,buy,1877,21.2817,39945.72,39.95,1045.27,swap_from_META,222.7,
2017-09-26,WMT,sell,1877,22.9567,43089.77,43.09,44091.95,swap_for_META,233.6,
2017-09-26,META,buy,263,163.3007,42948.09,42.95,1100.91,swap_from_WMT,440.8,
2017-09-26,BRK-B,sell,152,182.4587,27733.73,27.73,28806.9,swap_for_V,450.4,
2017-09-26,V,buy,285,97.0241,27651.88,27.65,1127.37,swap_from_BRK-B,235.6,
2017-10-11,V,sell,285,101.2419,28853.95,28.85,29952.46,swap_for_BRK-B,245.4,
2017-10-11,BRK-B,buy,153,187.4937,28686.54,28.69,1237.24,swap_from_V,463.9,
2017-10-11,META,sell,263,170.5258,44848.28,44.85,46040.68,swap_for_WMT,464.4,
2017-10-11,WMT,buy,1820,24.5904,44754.49,44.75,1241.44,swap_from_META,248.3,
2018-02-21,WMT,sell,1820,27.7698,50540.96,50.54,51731.86,swap_for_META,277.7,
2018-02-21,META,buy,287,175.4217,50346.04,50.35,1335.48,swap_from_WMT,476.3,
2018-02-21,BRK-B,sell,153,202.3988,30967.01,30.97,32271.52,swap_for_V,501.0,
2018-02-21,V,buy,268,115.25,30887.01,30.89,1353.62,swap_from_BRK-B,279.0,
2018-07-18,META,sell,287,208.0822,59719.58,59.72,61013.48,swap_for_BRK-B,568.3,
2018-07-18,BRK-B,buy,304,195.5978,59461.72,59.46,1492.31,swap_from_META,469.9,
2018-09-13,BRK-B,sell,304,214.9125,65333.4,65.33,66760.37,swap_for_META,529.5,
2018-09-13,META,buy,405,160.819,65131.69,65.13,1563.55,swap_from_BRK-B,438.4,
2019-07-15,XOM,sell,382,56.5503,21602.22,21.6,23144.17,swap_for_BRK-B,328.9,
2019-07-15,BRK-B,buy,100,214.5472,21454.72,21.45,1667.99,swap_from_XOM,523.1,
2019-07-15,META,sell,405,202.5583,82036.12,82.04,83622.08,swap_for_WMT,554.4,
2019-07-15,WMT,buy,2360,34.6776,81839.17,81.84,1701.07,swap_from_META,329.9,
2020-03-10,JPM,sell,420,83.5918,35108.58,35.11,36774.54,swap_for_META,272.4,
2020-03-10,META,buy,202,173.3966,35026.12,35.03,1713.4,swap_from_JPM,458.7,
2020-03-10,BRK-B,sell,100,201.2493,20124.93,20.12,21818.2,swap_for_PG,471.6,
2020-03-10,PG,buy,197,101.6093,20017.04,20.02,1781.15,swap_from_BRK-B,286.6,
2020-03-24,PG,sell,197,86.3789,17016.64,17.02,18780.77,swap_for_BRK-B,241.3,
2020-03-24,BRK-B,buy,99,170.9955,16928.55,16.93,1835.29,swap_from_PG,395.6,
2020-03-24,META,sell,202,153.9245,31092.74,31.09,32896.94,swap_for_JPM,400.8,
2020-03-24,JPM,buy,432,71.7581,30999.49,31.0,1866.45,swap_from_META,242.9,
2020-04-03,JPM,sell,432,73.3697,31695.71,31.7,33530.46,swap_for_META,269.0,
2020-04-03,META,buy,202,156.0043,31512.87,31.51,1986.07,swap_from_JPM,428.1,
2020-04-03,BRK-B,sell,99,178.5007,17671.57,17.67,19639.97,swap_for_PG,435.0,
2020-04-03,PG,buy,181,97.1507,17584.27,17.58,2038.11,swap_from_BRK-B,282.5,
2020-04-08,PG,sell,181,97.6082,17667.09,17.67,19687.54,swap_for_BRK-B,278.5,
2020-04-08,BRK-B,buy,93,187.6438,17450.87,17.45,2219.21,swap_from_PG,449.9,
2020-04-08,META,sell,202,169.8316,34305.99,34.31,36490.89,swap_for_JPM,456.9,
2020-04-08,JPM,buy,435,78.6524,34213.81,34.21,2242.87,swap_from_META,278.6,
2020-08-19,JPM,sell,435,85.2146,37068.35,37.07,39274.15,swap_for_TSLA,299.6,
2020-08-19,TSLA,buy,297,124.3955,36945.46,36.95,2291.74,swap_from_JPM,365.0,
2021-01-12,WMT,sell,2360,46.1974,109025.88,109.03,111208.59,swap_for_META,416.7,
2021-01-12,META,buy,427,254.7591,108782.14,108.78,2317.67,swap_from_WMT,695.1,
2021-01-12,TSLA,sell,297,276.8615,82227.87,82.23,84463.31,swap_for_JPM,768.9,
2021-01-12,JPM,buy,671,122.2304,82016.62,82.02,2364.67,swap_from_TSLA,420.8,
2021-03-08,META,sell,427,263.3506,112450.69,112.45,114702.91,swap_for_TSLA,715.2,
2021-03-08,TSLA,buy,560,200.2834,112158.72,112.16,2432.03,swap_from_META,573.9,
2021-08-26,JNJ,sell,259,152.8243,39581.5,39.58,41973.96,swap_for_NVDA,458.7,
2021-08-26,NVDA,buy,1782,22.1603,39489.72,39.49,2444.75,swap_from_JNJ,553.5,
2021-10-28,TSLA,sell,560,355.9253,199318.16,199.32,201563.59,swap_for_META,1042.3,
2021-10-28,META,buy,640,310.7082,198853.26,198.85,2511.47,swap_from_TSLA,845.0,
2022-04-06,JPM,sell,671,118.8517,79749.48,79.75,82181.21,swap_for_UNH,405.9,
2022-04-06,UNH,buy,165,482.3056,79580.43,79.58,2521.2,swap_from_JPM,487.2,
2022-05-25,NVDA,sell,1782,15.9829,28481.52,28.48,30974.23,swap_for_TSLA,402.6,
2022-05-25,TSLA,buy,136,208.054,28295.34,28.3,2650.59,swap_from_NVDA,650.8,
2022-05-25,BRK-B,sell,93,308.4357,28684.52,28.68,31306.43,swap_for_JNJ,682.8,
2022-05-25,JNJ,buy,176,161.8631,28487.9,28.49,2790.04,swap_from_BRK-B,477.3,
2022-05-27,V,sell,268,203.542,54549.26,54.55,57284.75,swap_for_BRK-B,441.3,
2022-05-27,BRK-B,buy,172,314.8874,54160.63,54.16,3069.96,swap_from_V,689.4,
2022-05-27,TSLA,sell,136,240.9628,32770.94,32.77,35808.13,swap_for_NVDA,733.2,
2022-05-27,NVDA,buy,1800,18.162,32691.65,32.69,3083.78,swap_from_TSLA,444.8,
2022-09-02,NVDA,sell,1800,14.0703,25326.56,25.33,28385.02,swap_for_V,347.3,
2022-09-02,V,buy,128,196.7587,25185.11,25.19,3174.72,swap_from_NVDA,421.8,
2022-10-14,META,sell,640,129.915,83145.59,83.15,86237.17,swap_for_XOM,350.2,
2022-10-14,XOM,buy,929,89.3198,82978.12,82.98,3176.07,swap_from_META,424.6,
2022-11-21,BRK-B,sell,172,310.6546,53432.59,53.43,56555.23,swap_for_TSLA,684.2,
2022-11-21,TSLA,buy,303,175.9379,53309.19,53.31,3192.72,swap_from_BRK-B,569.0,
2023-02-02,JNJ,sell,176,147.9293,26035.56,26.04,29202.25,swap_for_NVDA,433.6,
2023-02-02,NVDA,buy,1237,20.9884,25962.59,25.96,3213.69,swap_from_JNJ,521.9,
2023-03-16,XOM,sell,929,88.8393,82531.73,82.53,85662.89,swap_for_META,414.8,
2023-03-16,META,buy,418,196.8146,82268.52,82.27,3312.1,swap_from_XOM,512.7,
2023-03-23,UNH,sell,165,449.8346,74222.71,74.22,77460.59,swap_for_BRK-B,443.6,
2023-03-23,BRK-B,buy,245,301.5407,73877.47,73.88,3509.24,swap_from_UNH,657.2,
2023-03-23,NVDA,sell,1237,27.0775,33494.83,33.49,36970.58,swap_for_JNJ,659.6,
2023-03-23,JNJ,buy,241,138.3272,33336.86,33.34,3600.38,swap_from_NVDA,471.3,
2023-04-06,V,sell,128,220.5152,28225.94,28.23,31798.1,swap_for_NVDA,476.8,
2023-04-06,NVDA,buy,1060,26.5738,28168.19,28.17,3601.74,swap_from_V,669.9,
2023-04-06,BRK-B,sell,245,309.6651,75867.95,75.87,79393.82,swap_for_XOM,677.4,
2023-04-06,XOM,buy,722,104.8547,75705.1,75.71,3613.02,swap_from_BRK-B,484.4,
2023-05-11,JNJ,sell,241,147.9238,35649.64,35.65,39227.01,swap_for_BRK-B,420.1,
2023-05-11,BRK-B,buy,110,321.1605,35327.66,35.33,3864.03,swap_from_JNJ,706.5,
2023-05-11,NVDA,sell,1060,28.856,30587.37,30.59,34420.81,swap_for_UNH,714.4,
2023-05-11,UNH,buy,66,460.2729,30378.01,30.38,4012.42,swap_from_NVDA,456.3,
2023-05-12,XOM,sell,722,95.2932,68801.67,68.8,72745.29,swap_for_NVDA,433.3,
2023-05-12,NVDA,buy,2407,28.518,68642.87,68.64,4033.77,swap_from_XOM,706.8,
2023-05-12,BRK-B,sell,110,323.6581,35602.39,35.6,39600.56,swap_for_V,712.6,
2023-05-12,V,buy,156,226.8772,35392.85,35.39,4172.32,swap_from_BRK-B,486.0,
2023-05-26,NVDA,sell,2407,37.8376,91075.01,91.08,95156.26,swap_for_BRK-B,939.3,
2023-05-26,BRK-B,buy,283,320.6002,90729.86,90.73,4335.67,swap_from_NVDA,698.0,
2024-03-05,UNH,sell,66,459.7325,30342.34,30.34,34647.67,swap_for_JPM,445.7,
2024-03-05,JPM,buy,170,177.714,30211.38,30.21,4406.08,swap_from_UNH,537.7,
2024-09-25,V,sell,156,270.4841,42195.52,42.2,46559.4,swap_for_WMT,525.1,
2024-09-25,WMT,buy,528,79.67,42065.78,42.07,4451.55,swap_from_V,648.4,
