date,ticker,action,shares,exec_price,gross,commission,cash_after,reason,leader_mcap_billions
2015-01-02,AAPL,buy,4050,24.6608,99876.09,99.88,24.04,initial_entry,609.6
2016-02-03,AAPL,sell,4050,21.3691,86545.01,86.55,86482.5,surpassed_by_GOOGL,536.8
2016-02-03,GOOGL,buy,2214,39.0112,86370.87,86.37,25.26,new_leader,536.8
2016-02-04,GOOGL,sell,2214,36.9059,81709.57,81.71,81653.12,surpassed_by_AAPL,534.2
2016-02-04,AAPL,buy,3758,21.7013,81553.4,81.55,18.17,new_leader,534.2
2018-12-03,AAPL,sell,3758,43.7444,164391.43,164.39,164245.21,surpassed_by_MSFT,851.2
2018-12-03,MSFT,buy,1558,105.312,164076.05,164.08,5.08,new_leader,851.2
2018-12-04,MSFT,sell,1558,104.2198,162374.45,162.37,162217.15,surpassed_by_AAPL,877.0
2018-12-04,AAPL,buy,3772,42.9549,162025.98,162.03,29.15,new_leader,877.0
2018-12-07,AAPL,sell,3772,41.1429,155190.92,155.19,155064.87,surpassed_by_MSFT,838.2
2018-12-07,MSFT,buy,1533,101.0063,154842.64,154.84,67.39,new_leader,838.2
2019-01-08,MSFT,sell,1533,95.9336,147066.28,147.07,146986.6,surpassed_by_AMZN,796.8
2019-01-08,AMZN,buy,1763,83.2761,146815.79,146.82,23.99,new_leader,796.8
2019-01-23,AMZN,sell,1763,82.7586,145903.42,145.9,145781.51,surpassed_by_MSFT,811.4
2019-01-23,MSFT,buy,1472,98.9,145580.85,145.58,55.07,new_leader,811.4
2019-01-31,MSFT,sell,1472,96.6412,142255.85,142.26,142168.67,surpassed_by_AMZN,816.8
2019-01-31,AMZN,buy,1677,84.6848,142016.45,142.02,10.2,new_leader,816.8
2019-02-05,AMZN,sell,1677,82.1259,137725.16,137.73,137597.64,surpassed_by_MSFT,811.3
2019-02-05,MSFT,buy,1390,98.8441,137393.33,137.39,66.92,new_leader,811.3
2019-02-06,MSFT,sell,1390,99.6205,138472.49,138.47,138400.93,surpassed_by_AAPL,823.8
2019-02-06,AAPL,buy,3334,41.4594,138225.63,138.23,37.08,new_leader,823.8
2019-02-08,AAPL,sell,3334,40.2476,134185.42,134.19,134088.32,surpassed_by_MSFT,807.7
2019-02-08,MSFT,buy,1376,97.2878,133867.95,133.87,86.51,new_leader,807.7
2019-03-25,MSFT,sell,1376,108.9846,149962.88,149.96,149899.42,surpassed_by_AAPL,900.9
2019-03-25,AAPL,buy,3279,45.6567,149708.32,149.71,41.39,new_leader,900.9
2019-03-26,AAPL,sell,3279,45.6468,149675.84,149.68,149567.55,surpassed_by_MSFT,902.7
2019-03-26,MSFT,buy,1345,111.0217,149324.24,149.32,93.99,new_leader,902.7
2019-04-03,MSFT,sell,1345,112.0702,150734.38,150.73,150677.63,surpassed_by_AAPL,914.9
2019-04-03,AAPL,buy,3267,46.0715,150515.61,150.52,11.5,new_leader,914.9
2019-04-26,AAPL,sell,3267,48.8001,159429.93,159.43,159282.0,surpassed_by_MSFT,990.9
2019-04-26,MSFT,buy,1310,121.392,159023.5,159.02,99.48,new_leader,990.9
2019-05-02,MSFT,sell,1310,119.6625,156757.83,156.76,156700.55,surpassed_by_AAPL,992.7
2019-05-02,AAPL,buy,3129,50.0266,156533.32,156.53,10.69,new_leader,992.7
2019-05-03,AAPL,sell,3129,50.2267,157159.41,157.16,157012.94,surpassed_by_MSFT,967.1
2019-05-03,MSFT,buy,1315,119.2019,156750.49,156.75,105.71,new_leader,967.1
2019-10-14,MSFT,sell,1315,131.5314,172963.84,172.96,172896.58,surpassed_by_AAPL,1067.5
2019-10-14,AAPL,buy,3060,56.4303,172676.68,172.68,47.23,new_leader,1067.5
2019-10-16,AAPL,sell,3060,56.0067,171380.49,171.38,171256.34,surpassed_by_MSFT,1080.9
2019-10-16,MSFT,buy,1289,132.6998,171050.05,171.05,35.24,new_leader,1080.9
2019-10-18,MSFT,sell,1289,131.5973,169628.97,169.63,169494.59,surpassed_by_AAPL,1063.3
2019-10-18,AAPL,buy,3004,56.3558,169292.86,169.29,32.43,new_leader,1063.3
2019-10-30,AAPL,sell,3004,58.7402,176455.52,176.46,176311.5,surpassed_by_MSFT,1111.1
2019-10-30,MSFT,buy,1302,135.2729,176125.34,176.13,10.04,new_leader,1111.1
2019-11-01,MSFT,sell,1302,135.8345,176856.49,176.86,176689.67,surpassed_by_AAPL,1124.2
2019-11-01,AAPL,buy,2944,59.9473,176484.75,176.48,28.43,new_leader,1124.2
2020-02-11,AAPL,sell,2944,78.0791,229864.96,229.86,229663.53,surpassed_by_MSFT,1435.3
2020-02-11,MSFT,buy,1272,180.3062,229349.49,229.35,84.69,new_leader,1435.3
2020-02-12,MSFT,sell,1272,175.3358,223027.18,223.03,222888.84,surpassed_by_AAPL,1414.8
2020-02-12,AAPL,buy,2867,77.6428,222601.91,222.6,64.33,new_leader,1414.8
2020-02-19,AAPL,sell,2867,77.2105,221362.54,221.36,221205.51,surpassed_by_MSFT,1416.4
2020-02-19,MSFT,buy,1239,178.3425,220966.33,220.97,18.22,new_leader,1416.4
2020-02-24,MSFT,sell,1239,158.9419,196929.04,196.93,196750.33,surpassed_by_AAPL,1369.7
2020-02-24,AAPL,buy,2737,71.7955,196504.21,196.5,49.61,new_leader,1369.7
2020-02-27,AAPL,sell,2737,67.8246,185635.89,185.64,185499.86,surpassed_by_MSFT,1294.3
2020-02-27,MSFT,buy,1196,154.8809,185237.5,185.24,77.12,new_leader,1294.3
2020-03-04,MSFT,sell,1196,159.624,190910.31,190.91,190796.52,surpassed_by_AAPL,1265.9
2020-03-04,AAPL,buy,2662,71.5974,190592.4,190.59,13.53,new_leader,1265.9
2020-03-05,AAPL,sell,2662,71.3039,189810.93,189.81,189634.64,surpassed_by_MSFT,1362.5
2020-03-05,MSFT,buy,1203,157.4698,189436.14,189.44,9.07,new_leader,1362.5
2020-03-09,MSFT,sell,1203,143.0543,172094.36,172.09,171931.33,surpassed_by_AAPL,1264.6
2020-03-09,AAPL,buy,2696,63.702,171740.61,171.74,18.98,new_leader,1264.6
2020-03-20,AAPL,sell,2696,59.6403,160790.2,160.79,160648.38,surpassed_by_MSFT,1074.0
2020-03-20,MSFT,buy,1159,138.4558,160470.29,160.47,17.62,new_leader,1074.0
2020-05-28,MSFT,sell,1159,171.7063,199007.64,199.01,198826.25,surpassed_by_AAPL,1378.8
2020-05-28,AAPL,buy,2589,76.7147,198614.39,198.61,13.24,new_leader,1378.8
2020-06-01,AAPL,sell,2589,76.8751,199029.75,199.03,198843.96,surpassed_by_MSFT,1389.7
2020-06-01,MSFT,buy,1144,173.5898,198586.73,198.59,58.64,new_leader,1389.7
2020-06-02,MSFT,sell,1144,175.0408,200246.73,200.25,200105.12,surpassed_by_AAPL,1395.0
2020-06-02,AAPL,buy,2573,77.6786,199867.04,199.87,38.21,new_leader,1395.0
2020-06-03,AAPL,sell,2573,78.5469,202101.22,202.1,201937.33,surpassed_by_MSFT,1402.3
2020-06-03,MSFT,buy,1147,175.758,201594.48,201.59,141.25,new_leader,1402.3
2020-06-04,MSFT,sell,1147,175.0884,200826.36,200.83,200766.79,surpassed_by_AAPL,1409.2
2020-06-04,AAPL,buy,2553,78.5601,200564.02,200.56,2.2,new_leader,1409.2
2021-11-01,AAPL,sell,2553,145.3731,371137.63,371.14,370768.7,surpassed_by_MSFT,2489.8
2021-11-01,MSFT,buy,1161,318.7732,370095.71,370.1,302.89,new_leader,2489.8
2021-11-19,MSFT,sell,1161,329.8977,383011.22,383.01,382931.1,surpassed_by_AAPL,2599.2
2021-11-19,AAPL,buy,2480,154.2015,382419.8,382.42,128.88,new_leader,2599.2
2024-01-17,AAPL,sell,2480,179.1515,444295.69,444.3,443980.28,surpassed_by_MSFT,2900.6
2024-01-17,MSFT,buy,1164,380.7757,443222.91,443.22,314.14,new_leader,2900.6
2024-01-23,MSFT,sell,1164,388.0132,451647.34,451.65,451509.84,surpassed_by_AAPL,2997.9
2024-01-23,AAPL,buy,2337,192.9336,450885.85,450.89,173.1,new_leader,2997.9
2024-01-26,AAPL,sell,2337,191.9996,448702.98,448.7,448427.37,surpassed_by_MSFT,3009.1
2024-01-26,MSFT,buy,1128,396.8613,447659.58,447.66,320.13,new_leader,3009.1
2024-06-14,MSFT,sell,1128,431.2829,486487.16,486.49,486320.8,surpassed_by_AAPL,3285.2
2024-06-14,AAPL,buy,2290,212.1194,485753.52,485.75,81.52,new_leader,3285.2
2024-06-17,AAPL,sell,2290,211.4318,484178.8,484.18,483776.14,surpassed_by_MSFT,3289.3
2024-06-17,MSFT,buy,1108,435.9599,483043.52,483.04,249.57,new_leader,3289.3
2024-06-20,MSFT,sell,1108,439.1749,486605.81,486.61,486368.78,surpassed_by_NVDA,3335.0
2024-06-20,NVDA,buy,3475,139.8025,485813.65,485.81,69.32,new_leader,3335.0
2024-06-21,NVDA,sell,3475,126.9952,441308.36,441.31,440936.37,surpassed_by_MSFT,3312.6
2024-06-21,MSFT,buy,999,440.6781,440237.43,440.24,258.7,new_leader,3312.6
2024-07-09,MSFT,sell,999,459.5444,459084.85,459.08,458884.47,surpassed_by_AAPL,3493.4
2024-07-09,AAPL,buy,2027,226.0855,458275.35,458.28,150.84,new_leader,3493.4
2024-11-05,AAPL,sell,2027,220.0396,446020.25,446.02,445725.07,surpassed_by_NVDA,3387.7
2024-11-05,NVDA,buy,3239,137.4642,445246.56,445.25,33.27,new_leader,3387.7
2024-11-19,NVDA,sell,3239,141.1934,457325.28,457.33,456901.23,surpassed_by_AAPL,3459.0
2024-11-19,AAPL,buy,2022,225.6518,456267.88,456.27,177.08,new_leader,3459.0
2024-11-20,AAPL,sell,2022,226.4989,457980.7,457.98,457699.8,surpassed_by_NVDA,3653.2
2024-11-20,NVDA,buy,3101,147.4252,457165.69,457.17,76.95,new_leader,3653.2
2024-11-25,NVDA,sell,3101,141.8627,439916.38,439.92,439553.41,surpassed_by_AAPL,3487.0
2024-11-25,AAPL,buy,1908,230.1056,439041.47,439.04,72.9,new_leader,3487.0
2025-01-07,AAPL,sell,1908,241.3167,460432.32,460.43,460044.79,surpassed_by_NVDA,3712.0
2025-01-07,NVDA,buy,3002,153.0564,459475.22,459.48,110.1,new_leader,3712.0
2025-01-08,NVDA,sell,3002,142.462,427671.01,427.67,427353.44,surpassed_by_AAPL,3661.2
2025-01-08,AAPL,buy,1775,240.5044,426895.23,426.9,31.31,new_leader,3661.2
2025-01-22,AAPL,sell,1775,218.2855,387456.71,387.46,387100.56,surpassed_by_NVDA,3517.9
2025-01-22,NVDA,buy,2672,144.6849,386598.13,386.6,115.84,new_leader,3517.9
2025-01-28,NVDA,sell,2672,121.7092,325206.98,325.21,324997.61,surpassed_by_AAPL,3570.6
2025-01-28,AAPL,buy,1414,229.4991,324511.76,324.51,161.34,new_leader,3570.6
2025-04-09,AAPL,sell,1414,170.9607,241738.44,241.74,241658.04,surpassed_by_MSFT,2659.7
2025-04-09,MSFT,buy,689,350.2708,241336.56,241.34,80.14,new_leader,2659.7
2025-04-10,MSFT,sell,689,378.1487,260544.48,260.54,260364.07,surpassed_by_AAPL,2987.1
2025-04-10,AAPL,buy,1382,188.1703,260051.36,260.05,52.67,new_leader,2987.1
2025-05-05,AAPL,sell,1382,201.9315,279069.33,279.07,278842.93,surpassed_by_MSFT,3235.2
2025-05-05,MSFT,buy,649,428.8672,278334.82,278.33,229.78,new_leader,3235.2
2025-06-11,MSFT,sell,649,466.0623,302474.41,302.47,302401.71,surpassed_by_NVDA,3510.8
2025-06-11,NVDA,buy,2088,144.6583,302046.44,302.05,53.23,new_leader,3510.8
2025-06-12,NVDA,sell,2088,141.8754,296235.91,296.24,295992.91,surpassed_by_MSFT,3526.4
2025-06-12,MSFT,buy,627,471.4914,295625.12,295.63,72.16,new_leader,3526.4
2025-06-26,MSFT,sell,627,488.829,306495.76,306.5,306261.43,surpassed_by_NVDA,3778.1
2025-06-26,NVDA,buy,1960,156.032,305822.8,305.82,132.81,new_leader,3778.1
